{"loss": [0.1696275919675827, 0.15982946753501892, 0.15605543553829193, 0.15382225811481476, 0.14788752794265747, 0.14617525041103363, 0.14514820277690887, 0.14462676644325256, 0.14383773505687714, 0.1419326812028885, 0.14134787023067474, 0.1412348449230194, 0.14074201881885529, 0.14066486060619354, 0.14036555588245392, 0.14001688361167908, 0.13993892073631287, 0.13989906013011932], "auc": [0.6961633563041687, 0.7482320666313171, 0.7704629898071289, 0.7819643020629883, 0.811386227607727, 0.8194729685783386, 0.8219941258430481, 0.8259446024894714, 0.8295930027961731, 0.8367816805839539, 0.8401018977165222, 0.8404517769813538, 0.8423985242843628, 0.8420938849449158, 0.845035970211029, 0.8446363210678101, 0.8455527424812317, 0.846446692943573], "val_loss": [0.1805945187807083, 0.1605166345834732, 0.18365353345870972, 0.16426849365234375, 0.15659099817276, 0.1568470001220703, 0.15263089537620544, 0.156142458319664, 0.15452171862125397, 0.15046121180057526, 0.14897854626178741, 0.1497233659029007, 0.14734570682048798, 0.14824330806732178, 0.14872968196868896, 0.14847911894321442, 0.14889420568943024, 0.14838166534900665], "val_auc": [0.742129385471344, 0.7834755182266235, 0.7778531312942505, 0.8044672608375549, 0.8197870254516602, 0.8260482549667358, 0.8287556767463684, 0.8135066628456116, 0.8278754353523254, 0.8309441804885864, 0.8320137858390808, 0.8328508734703064, 0.8343909978866577, 0.8339710831642151, 0.8342354893684387, 0.834010124206543, 0.8328934907913208, 0.8341134786605835], "lr": [9.999999747378752e-05, 9.999999747378752e-05, 9.999999747378752e-05, 9.999999747378752e-05, 1.9999999494757503e-05, 1.9999999494757503e-05, 1.9999999494757503e-05, 1.9999999494757503e-05, 1.9999999494757503e-05, 3.999999989900971e-06, 3.999999989900971e-06, 3.999999989900971e-06, 3.999999989900971e-06, 3.999999989900971e-06, 3.999999989900971e-06, 8.000000093488779e-07, 8.000000093488779e-07, 1.5999999902760464e-07]}